version,issue,review_count,pct_of_version_issues
14.43,App Update Complaints,1,100.0
14.76,"General / Mixed (noisy, other-language)",2,100.0
14.87,"General / Mixed (noisy, other-language)",1,100.0
15.36,"Hinglish Reviews (language, not an issue)",1,100.0
15.47,App Update Complaints,1,100.0
15.52,Severe Dissatisfaction ('worst app'),1,100.0
15.54,"General / Mixed (noisy, other-language)",1,100.0
15.68,"General / Mixed (noisy, other-language)",1,100.0
15.71,High Brokerage / Charges,1,100.0
15.87,Generic Negative Experience,1,50.0
15.87,"Hinglish Reviews (language, not an issue)",1,50.0
15.96,"General / Mixed (noisy, other-language)",1,100.0
16.00,"General / Mixed (noisy, other-language)",1,100.0
16.21,"General / Mixed (noisy, other-language)",2,100.0
16.27,Charts / App Not Working,1,100.0
16.29,"General / Mixed (noisy, other-language)",1,50.0
16.29,Severe Dissatisfaction ('worst app'),1,50.0
16.37,App Update Complaints,1,100.0
16.39,"General / Mixed (noisy, other-language)",1,100.0
16.44,High Brokerage / Charges,1,100.0
16.64,"General / Mixed (noisy, other-language)",1,100.0
16.68,App Update Complaints,1,33.3
16.68,Charts / App Not Working,1,33.3
16.68,"Hinglish Reviews (language, not an issue)",1,33.3
16.71,"General / Mixed (noisy, other-language)",1,100.0
16.73,Charts / App Not Working,1,50.0
16.73,Customer Support,1,50.0
16.75,"General / Mixed (noisy, other-language)",1,100.0
16.79,"General / Mixed (noisy, other-language)",2,100.0
16.87,"General / Mixed (noisy, other-language)",2,66.7
16.87,"Hinglish Reviews (language, not an issue)",1,33.3
16.89,"General / Mixed (noisy, other-language)",1,100.0
16.95,"General / Mixed (noisy, other-language)",2,100.0
17.12,Generic Negative Experience,1,100.0
17.15,"General / Mixed (noisy, other-language)",1,100.0
17.17,"General / Mixed (noisy, other-language)",2,66.7
17.17,"Hinglish Reviews (language, not an issue)",1,33.3
17.23,"General / Mixed (noisy, other-language)",1,100.0
17.27,"General / Mixed (noisy, other-language)",2,100.0
17.29,App Update Complaints,2,66.7
17.29,"General / Mixed (noisy, other-language)",1,33.3
17.32,Charts / App Not Working,1,100.0
17.40,"General / Mixed (noisy, other-language)",1,50.0
17.40,High Brokerage / Charges,1,50.0
17.44,"General / Mixed (noisy, other-language)",1,100.0
17.50,"General / Mixed (noisy, other-language)",1,100.0
17.55,"General / Mixed (noisy, other-language)",1,100.0
17.59,"General / Mixed (noisy, other-language)",2,100.0
17.64,"General / Mixed (noisy, other-language)",2,100.0
17.70,Customer Support,1,100.0
17.72,"General / Mixed (noisy, other-language)",2,66.7
17.72,Severe Dissatisfaction ('worst app'),1,33.3
17.74,High Brokerage / Charges,1,100.0
17.78,"General / Mixed (noisy, other-language)",2,100.0
17.85,Generic Negative Experience,1,50.0
17.85,"Hinglish Reviews (language, not an issue)",1,50.0
17.87,"General / Mixed (noisy, other-language)",1,100.0
17.88,"General / Mixed (noisy, other-language)",2,66.7
17.88,Customer Support,1,33.3
17.90,High Brokerage / Charges,1,100.0
17.91.0,Charts / App Not Working,1,100.0
17.91.1,Charts / App Not Working,1,50.0
17.91.1,"General / Mixed (noisy, other-language)",1,50.0
17.92.3,Charts / App Not Working,1,50.0
17.92.3,"General / Mixed (noisy, other-language)",1,50.0
17.94.1,"General / Mixed (noisy, other-language)",1,25.0
17.94.1,Generic Negative Experience,1,25.0
17.94.1,High Brokerage / Charges,1,25.0
17.94.1,"Hinglish Reviews (language, not an issue)",1,25.0
17.95.0,Charts / App Not Working,1,33.3
17.95.0,"General / Mixed (noisy, other-language)",1,33.3
17.95.0,Severe Dissatisfaction ('worst app'),1,33.3
17.95.1,"Hinglish Reviews (language, not an issue)",1,100.0
17.95.2,"General / Mixed (noisy, other-language)",2,40.0
17.95.2,Charts / App Not Working,1,20.0
17.95.2,High Brokerage / Charges,1,20.0
17.95.2,"Hinglish Reviews (language, not an issue)",1,20.0
17.96.5,Charts / App Not Working,1,100.0
17.96.6,"General / Mixed (noisy, other-language)",1,100.0
17.98.0,"General / Mixed (noisy, other-language)",1,100.0
17.99.1,"General / Mixed (noisy, other-language)",1,100.0
18.0.0,"General / Mixed (noisy, other-language)",2,66.7
18.0.0,Severe Dissatisfaction ('worst app'),1,33.3
18.1.1,"General / Mixed (noisy, other-language)",8,72.7
18.1.1,Generic Negative Experience,2,18.2
18.1.1,High Brokerage / Charges,1,9.1
18.10.1,"General / Mixed (noisy, other-language)",127,50.0
18.10.1,Charts / App Not Working,28,11.0
18.10.1,App Update Complaints,25,9.8
18.10.1,High Brokerage / Charges,20,7.9
18.10.1,Customer Support,19,7.5
18.10.1,"Hinglish Reviews (language, not an issue)",16,6.3
18.10.1,Severe Dissatisfaction ('worst app'),13,5.1
18.10.1,Generic Negative Experience,6,2.4
18.11.0,"General / Mixed (noisy, other-language)",4,50.0
18.11.0,Customer Support,2,25.0
18.11.0,Charts / App Not Working,1,12.5
18.11.0,Generic Negative Experience,1,12.5
18.11.1,"General / Mixed (noisy, other-language)",106,53.0
18.11.1,App Update Complaints,16,8.0
18.11.1,Charts / App Not Working,16,8.0
18.11.1,High Brokerage / Charges,16,8.0
18.11.1,"Hinglish Reviews (language, not an issue)",15,7.5
18.11.1,Customer Support,11,5.5
18.11.1,Generic Negative Experience,11,5.5
18.11.1,Severe Dissatisfaction ('worst app'),9,4.5
18.12.0,"General / Mixed (noisy, other-language)",1,100.0
18.12.1,"General / Mixed (noisy, other-language)",100,48.1
18.12.1,Charts / App Not Working,26,12.5
18.12.1,Customer Support,23,11.1
18.12.1,App Update Complaints,15,7.2
18.12.1,"Hinglish Reviews (language, not an issue)",14,6.7
18.12.1,High Brokerage / Charges,12,5.8
18.12.1,Severe Dissatisfaction ('worst app'),12,5.8
18.12.1,Generic Negative Experience,6,2.9
18.13.1,"General / Mixed (noisy, other-language)",15,71.4
18.13.1,High Brokerage / Charges,3,14.3
18.13.1,App Update Complaints,1,4.8
18.13.1,Customer Support,1,4.8
18.13.1,"Hinglish Reviews (language, not an issue)",1,4.8
18.13.2,"General / Mixed (noisy, other-language)",144,56.9
18.13.2,"Hinglish Reviews (language, not an issue)",24,9.5
18.13.2,App Update Complaints,20,7.9
18.13.2,Customer Support,18,7.1
18.13.2,Charts / App Not Working,17,6.7
18.13.2,High Brokerage / Charges,14,5.5
18.13.2,Severe Dissatisfaction ('worst app'),12,4.7
18.13.2,Generic Negative Experience,4,1.6
18.14.0,"General / Mixed (noisy, other-language)",15,38.5
18.14.0,High Brokerage / Charges,6,15.4
18.14.0,Customer Support,5,12.8
18.14.0,"Hinglish Reviews (language, not an issue)",5,12.8
18.14.0,Generic Negative Experience,4,10.3
18.14.0,App Update Complaints,2,5.1
18.14.0,Charts / App Not Working,1,2.6
18.14.0,Severe Dissatisfaction ('worst app'),1,2.6
18.14.1,"General / Mixed (noisy, other-language)",49,47.1
18.14.1,Customer Support,14,13.5
18.14.1,App Update Complaints,13,12.5
18.14.1,"Hinglish Reviews (language, not an issue)",9,8.7
18.14.1,High Brokerage / Charges,8,7.7
18.14.1,Charts / App Not Working,7,6.7
18.14.1,Generic Negative Experience,4,3.8
18.14.2,"General / Mixed (noisy, other-language)",31,51.7
18.14.2,Customer Support,12,20.0
18.14.2,Charts / App Not Working,5,8.3
18.14.2,App Update Complaints,3,5.0
18.14.2,"Hinglish Reviews (language, not an issue)",3,5.0
18.14.2,Severe Dissatisfaction ('worst app'),3,5.0
18.14.2,High Brokerage / Charges,2,3.3
18.14.2,Generic Negative Experience,1,1.7
18.15.0,Severe Dissatisfaction ('worst app'),1,100.0
18.2.1,"General / Mixed (noisy, other-language)",2,66.7
18.2.1,"Hinglish Reviews (language, not an issue)",1,33.3
18.3.1,High Brokerage / Charges,3,42.9
18.3.1,"General / Mixed (noisy, other-language)",2,28.6
18.3.1,Charts / App Not Working,1,14.3
18.3.1,"Hinglish Reviews (language, not an issue)",1,14.3
18.4.2,"General / Mixed (noisy, other-language)",2,100.0
18.4.3,"General / Mixed (noisy, other-language)",53,54.6
18.4.3,App Update Complaints,13,13.4
18.4.3,High Brokerage / Charges,7,7.2
18.4.3,"Hinglish Reviews (language, not an issue)",7,7.2
18.4.3,Generic Negative Experience,6,6.2
18.4.3,Customer Support,4,4.1
18.4.3,Severe Dissatisfaction ('worst app'),4,4.1
18.4.3,Charts / App Not Working,3,3.1
18.5.0,"General / Mixed (noisy, other-language)",107,50.5
18.5.0,App Update Complaints,21,9.9
18.5.0,Customer Support,20,9.4
18.5.0,High Brokerage / Charges,19,9.0
18.5.0,"Hinglish Reviews (language, not an issue)",18,8.5
18.5.0,Charts / App Not Working,12,5.7
18.5.0,Severe Dissatisfaction ('worst app'),9,4.2
18.5.0,Generic Negative Experience,6,2.8
18.6.0,App Update Complaints,1,100.0
18.6.1,"General / Mixed (noisy, other-language)",113,52.8
18.6.1,App Update Complaints,19,8.9
18.6.1,High Brokerage / Charges,17,7.9
18.6.1,"Hinglish Reviews (language, not an issue)",17,7.9
18.6.1,Customer Support,16,7.5
18.6.1,Generic Negative Experience,13,6.1
18.6.1,Severe Dissatisfaction ('worst app'),11,5.1
18.6.1,Charts / App Not Working,8,3.7
18.7.0,"General / Mixed (noisy, other-language)",20,57.1
18.7.0,App Update Complaints,6,17.1
18.7.0,High Brokerage / Charges,4,11.4
18.7.0,Charts / App Not Working,2,5.7
18.7.0,Customer Support,2,5.7
18.7.0,Generic Negative Experience,1,2.9
18.7.1,"General / Mixed (noisy, other-language)",124,61.1
18.7.1,App Update Complaints,21,10.3
18.7.1,Charts / App Not Working,15,7.4
18.7.1,"Hinglish Reviews (language, not an issue)",11,5.4
18.7.1,Customer Support,10,4.9
18.7.1,High Brokerage / Charges,9,4.4
18.7.1,Severe Dissatisfaction ('worst app'),9,4.4
18.7.1,Generic Negative Experience,4,2.0
18.8.1,"General / Mixed (noisy, other-language)",80,52.3
18.8.1,Charts / App Not Working,19,12.4
18.8.1,Customer Support,17,11.1
18.8.1,High Brokerage / Charges,12,7.8
18.8.1,"Hinglish Reviews (language, not an issue)",9,5.9
18.8.1,App Update Complaints,6,3.9
18.8.1,Generic Negative Experience,6,3.9
18.8.1,Severe Dissatisfaction ('worst app'),4,2.6
18.9.0,"General / Mixed (noisy, other-language)",95,51.9
18.9.0,High Brokerage / Charges,18,9.8
18.9.0,Customer Support,14,7.7
18.9.0,"Hinglish Reviews (language, not an issue)",14,7.7
18.9.0,App Update Complaints,13,7.1
18.9.0,Charts / App Not Working,11,6.0
18.9.0,Severe Dissatisfaction ('worst app'),11,6.0
18.9.0,Generic Negative Experience,7,3.8
